path,iteration,bytes,read_ms,index_ms,frames_ms,seed_scan_ms,repeat_seed_scan_ms,drop_ms,frames,seeds
gamelog-run38-islands-start.txt,0,153477471,26.580,138.933,0.002,108.060,107.432,0.017,3,1
gamelog-run38-islands-start.txt,1,153477471,10.615,120.082,0.002,103.749,107.492,0.017,3,1
gamelog-run38-islands-start.txt,2,153477471,10.405,122.180,0.002,105.065,103.127,0.018,3,1
gamelog-run38-islands-start.txt,3,153477471,10.548,120.343,0.001,108.444,101.607,0.016,3,1
gamelog-run38-islands-start.txt,4,153477471,10.440,120.593,0.002,111.920,108.028,0.016,3,1
gamelog-run39-islands-longtrace.txt,0,482309960,48.817,430.542,0.137,770.888,830.582,0.005,1851,0
gamelog-run39-islands-longtrace.txt,1,482309960,33.662,446.313,0.138,801.544,802.022,0.006,1851,0
gamelog-run39-islands-longtrace.txt,2,482309960,32.650,437.539,0.123,771.384,769.460,0.007,1851,0
gamelog-run39-islands-longtrace.txt,3,482309960,32.649,434.175,0.133,774.103,769.491,0.005,1851,0
gamelog-run39-islands-longtrace.txt,4,482309960,32.152,424.173,0.112,783.792,770.459,0.005,1851,0
gamelog-run54-islands-24k-trace.txt,0,11097398,1.179,15.520,0.005,0.161,0.152,0.004,2,0
gamelog-run54-islands-24k-trace.txt,1,11097398,0.888,15.642,0.004,0.166,0.148,0.004,2,0
gamelog-run54-islands-24k-trace.txt,2,11097398,0.765,15.856,0.005,0.163,0.160,0.006,2,0
gamelog-run54-islands-24k-trace.txt,3,11097398,0.844,15.523,0.004,0.162,0.169,0.004,2,0
gamelog-run54-islands-24k-trace.txt,4,11097398,0.732,15.428,0.003,0.156,0.148,0.004,2,0
gamelog-run29-islands-engagement-window.txt,0,251324874,44.690,165.297,0.002,253.421,265.384,0.009,5,3
gamelog-run29-islands-engagement-window.txt,1,251324874,17.325,158.041,0.002,248.270,247.964,0.009,5,3
gamelog-run29-islands-engagement-window.txt,2,251324874,16.944,155.668,0.002,252.292,246.676,0.009,5,3
gamelog-run29-islands-engagement-window.txt,3,251324874,17.042,160.719,0.001,257.267,246.398,0.013,5,3
gamelog-run29-islands-engagement-window.txt,4,251324874,18.532,183.139,0.002,271.347,256.468,0.011,5,3
